{
  "timestamp": "2026-01-13T09:58:13.798Z",
  "datasets": {
    "Structured_TrendNoise": {
      "core_ratio": 111.80992313067784,
      "global_ratio": 111.80992313067784,
      "quarantine_byte_rate": 0,
      "quarantine_block_rate": 0,
      "encoded_sha256": "a736f8bce21db4c4f30cf81409839ee9dee533b53afff431db862fee1399cd0f"
    },
    "Mixed_RegimeSwitch": {
      "core_ratio": 315.46518792359825,
      "global_ratio": 6.250341815568039,
      "quarantine_byte_rate": 0.9873196190416663,
      "quarantine_block_rate": 0.36,
      "encoded_sha256": "486e2c2a42bb6f1ea37cc7a447887d2e4a09adf3418bce1c1ce408111f6dc8e5"
    },
    "HighEntropy_Random": {
      "core_ratio": 346.32034632034635,
      "global_ratio": 3.26273588560848,
      "quarantine_byte_rate": 0.9952894250651527,
      "quarantine_block_rate": 0.5,
      "encoded_sha256": "571c8c49f908c92c9b51eb5d09beb8b9cf16037316aeb7b8ffa799c2f39e961b"
    }
  }
}