{
  "quarantine_block_rate": 0.35,
  "quarantine_byte_rate": 0.9875157725691125,
  "core_ratio": 318.52986217457885,
  "global_ratio": 6.117844989102589
}