{
  "quarantine_block_rate": 0,
  "quarantine_byte_rate": 0,
  "core_ratio": 110.65006915629323,
  "global_ratio": 110.65006915629323
}