{
  "quarantine_block_rate": 0.5,
  "quarantine_byte_rate": 0.9952894250651527,
  "core_ratio": 346.32034632034635,
  "global_ratio": 3.26273588560848
}