{
  "quarantine_block_rate": 0.36,
  "quarantine_byte_rate": 0.9873196190416663,
  "core_ratio": 315.46518792359825,
  "global_ratio": 6.250341815568039
}