{
  "quarantine_block_rate": 0,
  "quarantine_byte_rate": 0,
  "core_ratio": 111.80992313067784,
  "global_ratio": 111.80992313067784
}