{
  "core_input_bytes": 400000,
  "core_output_bytes": 1155,
  "total_input_bytes": 800000,
  "total_output_bytes": 245193,
  "core_ratio": 346.32034632034635,
  "global_ratio": 3.26273588560848
}