{
  "core_input_bytes": 512000,
  "core_output_bytes": 1623,
  "total_input_bytes": 800000,
  "total_output_bytes": 127993,
  "core_ratio": 315.46518792359825,
  "global_ratio": 6.250341815568039
}