{
  "core_input_bytes": 800000,
  "core_output_bytes": 7155,
  "total_input_bytes": 800000,
  "total_output_bytes": 7155,
  "core_ratio": 111.80992313067784,
  "global_ratio": 111.80992313067784
}